{"cameraMode":{"drawMode":0,"name":"Shaded","section":"Shading Mode"},"sceneLighting":true,"audioPlay":false,"sceneViewState":{"showFog":true,"showMaterialUpdate":false,"showSkybox":true,"showFlares":true,"showImageEffects":true,"showParticleSystems":true},"in2DMode":false,"pivot":{"x":1.5689713954925538,"y":36.90973663330078,"z":-153.7021484375},"rotation":{"x":0.4039379358291626,"y":0.015282509848475457,"z":-0.006929899100214243,"w":0.9148160815238953},"size":75.06073760986328,"orthographic":false}